{
    "3.894444444444444": 0,
    "4.125": 1,
    "4.2": 2,
    "4.333333333333333": 3,
    "4.4": 4,
    "4.4375": 5,
    "4.45": 6,
    "4.533333333333333": 7,
    "4.55": 8,
    "4.625": 9,
    "4.666666666666667": 10,
    "4.6875": 11,
    "4.727272727272728": 12,
    "4.7375": 13,
    "4.75": 14,
    "4.785714285714286": 15,
    "4.800000000000002": 16,
    "4.875": 17,
    "4.916666666666667": 18,
    "5.0": 19,
    "5.045": 20,
    "5.05": 21,
    "5.083333333333333": 22,
    "5.091666666666667": 23,
    "5.1": 24,
    "5.125": 25,
    "5.15": 26,
    "5.166666666666667": 27,
    "5.2": 28,
    "5.25": 29,
    "5.269230769230768": 30,
    "5.28888888888889": 31,
    "5.3": 32,
    "5.333333333333333": 33,
    "5.35": 34,
    "5.416666666666668": 35,
    "5.461538461538462": 36,
    "5.4700000000000015": 37,
    "5.486363636363636": 38,
    "5.5": 39,
    "5.540909090909091": 40,
    "5.55": 41,
    "5.575": 42,
    "5.583333333333332": 43,
    "5.6": 44,
    "5.6000000000000005": 45,
    "5.625": 46,
    "5.666666666666668": 47,
    "5.6875": 48,
    "5.7": 49,
    "5.7142857142857135": 50,
    "5.7192307692307685": 51,
    "5.73": 52,
    "5.745454545454546": 53,
    "5.75": 54,
    "5.778571428571429": 55,
    "5.8125": 56,
    "5.833333333333332": 57,
    "5.85": 58,
    "5.875": 59,
    "5.94": 60,
    "5.946666666666667": 61,
    "5.95": 62,
    "6.0": 63,
    "6.05": 64,
    "6.147058823529411": 65,
    "6.166666666666668": 66,
    "6.2": 67,
    "6.3055555555555545": 68,
    "6.4": 69,
    "6.6": 70,
    "6.6660714285714295": 71,
    "6.8125": 72,
    "7.0": 73
}